site_scFv,amino_acid,chain,site,KI_codon,annotation
1,E,H,1,GAG,FWRH1
2,V,H,2,GTG,FWRH1
3,Q,H,3,CAG,FWRH1
4,L,H,4,CTT,FWRH1
5,Q,H,5,CAG,FWRH1
6,E,H,6,GAG,FWRH1
7,S,H,7,TCA,FWRH1
8,G,H,8,GGA,FWRH1
9,P,H,9,CCT,FWRH1
10,S,H,11,AGC,FWRH1
11,L,H,12,CTC,FWRH1
12,V,H,13,GTG,FWRH1
13,K,H,14,AAA,FWRH1
14,P,H,15,CCT,FWRH1
15,S,H,16,TCT,FWRH1
16,Q,H,17,CAG,FWRH1
17,T,H,18,ACT,FWRH1
18,L,H,19,CTG,FWRH1
19,S,H,20,TCC,FWRH1
20,L,H,21,CTC,FWRH1
21,T,H,22,ACC,FWRH1
22,C,H,23,TGT,FWRH1
23,S,H,24,TCT,FWRH1
24,V,H,25,GTC,FWRH1
25,T,H,26,ACT,FWRH1
26,G,H,27,GGC,CDRH1
27,D,H,28,GAC,CDRH1
28,S,H,29,TCC,CDRH1
29,I,H,30,ATC,CDRH1
30,T,H,35,ACC,CDRH1
31,S,H,36,AGT,CDRH1
32,G,H,37,GGT,CDRH1
33,Y,H,38,TAC,CDRH1
34,W,H,39,TGG,FWRH2
35,N,H,40,AAC,FWRH2
36,W,H,41,TGG,FWRH2
37,I,H,42,ATC,FWRH2
38,R,H,43,CGG,FWRH2
39,K,H,44,AAA,FWRH2
40,F,H,45,TTC,FWRH2
41,P,H,46,CCA,FWRH2
42,G,H,47,GGG,FWRH2
43,N,H,48,AAT,FWRH2
44,K,H,49,AAA,FWRH2
45,L,H,50,CTT,FWRH2
46,E,H,51,GAG,FWRH2
47,Y,H,52,TAC,FWRH2
48,M,H,53,ATG,FWRH2
49,G,H,54,GGG,FWRH2
50,Y,H,55,TAC,CDRH2
51,I,H,56,ATA,CDRH2
52,S,H,57,AGC,CDRH2
53,Y,H,58,TAC,CDRH2
54,S,H,59,AGT,CDRH2
55,G,H,63,GGT,CDRH2
56,S,H,64,AGC,CDRH2
57,T,H,65,ACT,CDRH2
58,Y,H,66,TAC,FWRH3
59,Y,H,67,TAC,FWRH3
60,N,H,68,AAT,FWRH3
61,P,H,69,CCA,FWRH3
62,S,H,70,TCT,FWRH3
63,L,H,71,CTC,FWRH3
64,K,H,72,AAA,FWRH3
65,S,H,74,AGT,FWRH3
66,R,H,75,CGA,FWRH3
67,I,H,76,ATC,FWRH3
68,S,H,77,TCC,FWRH3
69,I,H,78,ATC,FWRH3
70,T,H,79,ACT,FWRH3
71,R,H,80,CGA,FWRH3
72,D,H,81,GAC,FWRH3
73,T,H,82,ACA,FWRH3
74,S,H,83,TCC,FWRH3
75,K,H,84,AAG,FWRH3
76,N,H,85,AAC,FWRH3
77,Q,H,86,CAG,FWRH3
78,Y,H,87,TAC,FWRH3
79,Y,H,88,TAC,FWRH3
80,L,H,89,CTG,FWRH3
81,Q,H,90,CAG,FWRH3
82,L,H,91,TTG,FWRH3
83,N,H,92,AAT,FWRH3
84,S,H,93,TCT,FWRH3
85,V,H,94,GTG,FWRH3
86,T,H,95,ACT,FWRH3
87,T,H,96,ACT,FWRH3
88,E,H,97,GAG,FWRH3
89,D,H,98,GAC,FWRH3
90,T,H,99,ACA,FWRH3
91,A,H,100,GCC,FWRH3
92,T,H,101,ACA,FWRH3
93,Y,H,102,TAT,FWRH3
94,Y,H,103,TAC,FWRH3
95,C,H,104,TGT,FWRH3
96,A,H,105,GCA,CDRH3
97,R,H,106,AGG,CDRH3
98,D,H,107,GAC,CDRH3
99,F,H,115,TTC,CDRH3
100,D,H,116,GAT,CDRH3
101,V,H,117,GTC,CDRH3
102,W,H,118,TGG,FWRH4
103,G,H,119,GGC,FWRH4
104,A,H,120,GCA,FWRH4
105,G,H,121,GGG,FWRH4
106,T,H,122,ACC,FWRH4
107,T,H,123,ACG,FWRH4
108,V,H,124,GTC,FWRH4
109,T,H,125,ACC,FWRH4
110,V,H,126,GTC,FWRH4
111,S,H,127,TCC,FWRH4
112,S,H,128,TCA,FWRH4
113,G,link,NA,NA,NA
114,G,link,NA,NA,NA
115,G,link,NA,NA,NA
116,G,link,NA,NA,NA
117,S,link,NA,NA,NA
118,G,link,NA,NA,NA
119,G,link,NA,NA,NA
120,G,link,NA,NA,NA
121,G,link,NA,NA,NA
122,S,link,NA,NA,NA
123,G,link,NA,NA,NA
124,G,link,NA,NA,NA
125,G,link,NA,NA,NA
126,G,link,NA,NA,NA
127,S,link,NA,NA,NA
128,D,L,1,GAC,FWRL1
129,I,L,2,ATT,FWRL1
130,V,L,3,GTG,FWRL1
131,M,L,4,ATG,FWRL1
132,T,L,5,ACT,FWRL1
133,Q,L,6,CAG,FWRL1
134,S,L,7,TCT,FWRL1
135,Q,L,8,CAA,FWRL1
136,K,L,9,AAA,FWRL1
137,F,L,10,TTC,FWRL1
138,M,L,11,ATG,FWRL1
139,S,L,12,TCC,FWRL1
140,T,L,13,ACA,FWRL1
141,S,L,14,TCA,FWRL1
142,V,L,15,GTA,FWRL1
143,G,L,16,GGA,FWRL1
144,D,L,17,GAC,FWRL1
145,R,L,18,AGG,FWRL1
146,V,L,19,GTC,FWRL1
147,S,L,20,AGC,FWRL1
148,V,L,21,GTC,FWRL1
149,T,L,22,ACC,FWRL1
150,C,L,23,TGC,FWRL1
151,K,L,24,AAG,FWRL1
152,A,L,25,GCC,FWRL1
153,S,L,26,AGT,FWRL1
154,Q,L,27,CAG,CDRL1
155,N,L,28,AAT,CDRL1
156,V,L,29,GTG,CDRL1
157,G,L,36,GGT,CDRL1
158,T,L,37,ACT,CDRL1
159,N,L,38,AAT,CDRL1
160,V,L,39,GTA,FWRL2
161,A,L,40,GCC,FWRL2
162,W,L,41,TGG,FWRL2
163,Y,L,42,TAT,FWRL2
164,Q,L,43,CAA,FWRL2
165,Q,L,44,CAG,FWRL2
166,K,L,45,AAA,FWRL2
167,P,L,46,CCA,FWRL2
168,G,L,47,GGG,FWRL2
169,Q,L,48,CAA,FWRL2
170,S,L,49,TCT,FWRL2
171,P,L,50,CCT,FWRL2
172,K,L,51,AAA,FWRL2
173,A,L,52,GCA,FWRL2
174,L,L,53,CTG,FWRL2
175,I,L,54,ATT,FWRL2
176,Y,L,55,TAC,FWRL2
177,S,L,56,TCG,CDRL2
178,A,L,57,GCA,CDRL2
179,S,L,65,TCC,CDRL2
180,Y,L,66,TAC,FWRL3
181,R,L,67,AGG,FWRL3
182,Y,L,68,TAC,FWRL3
183,S,L,69,AGT,FWRL3
184,G,L,70,GGA,FWRL3
185,V,L,71,GTC,FWRL3
186,P,L,72,CCT,FWRL3
187,D,L,74,GAT,FWRL3
188,R,L,75,CGC,FWRL3
189,F,L,76,TTC,FWRL3
190,T,L,77,ACA,FWRL3
191,G,L,78,GGC,FWRL3
192,S,L,79,AGT,FWRL3
193,G,L,80,GGA,FWRL3
194,S,L,83,TCT,FWRL3
195,G,L,84,GGG,FWRL3
196,T,L,85,ACA,FWRL3
197,D,L,86,GAT,FWRL3
198,F,L,87,TTC,FWRL3
199,T,L,88,ACT,FWRL3
200,L,L,89,CTC,FWRL3
201,T,L,90,ACC,FWRL3
202,I,L,91,ATC,FWRL3
203,S,L,92,AGC,FWRL3
204,N,L,93,AAT,FWRL3
205,V,L,94,GTG,FWRL3
206,Q,L,95,CAG,FWRL3
207,S,L,96,TCT,FWRL3
208,E,L,97,GAA,FWRL3
209,D,L,98,GAC,FWRL3
210,L,L,99,TTG,FWRL3
211,A,L,100,GCA,FWRL3
212,E,L,101,GAG,FWRL3
213,Y,L,102,TAT,FWRL3
214,F,L,103,TTC,FWRL3
215,C,L,104,TGT,FWRL3
216,Q,L,105,CAG,CDRL3
217,Q,L,106,CAA,CDRL3
218,Y,L,107,TAT,CDRL3
219,N,L,108,AAC,CDRL3
220,S,L,109,AGC,CDRL3
221,Y,L,114,TAT,CDRL3
222,P,L,115,CCT,CDRL3
223,L,L,116,CTC,CDRL3
224,T,L,117,ACG,CDRL3
225,F,L,118,TTC,FWRL4
226,G,L,119,GGC,FWRL4
227,S,L,120,TCG,FWRL4
228,G,L,121,GGG,FWRL4
229,T,L,122,ACT,FWRL4
230,K,L,123,AAG,FWRL4
231,L,L,124,CTA,FWRL4
232,E,L,125,GAA,FWRL4
233,I,L,126,ATA,FWRL4
234,K,L,127,AAA,FWRL4
235,R,L,128,CGT,FWRL4